weapon_id,name,class,operators,damage,damage_suppressed,fire_rate_rpm,fire_modes,magazine,chambered_plus_one,max_ammo,reload_tactical_s,reload_empty_s,ads_time_s,dropoff_start_m,dropoff_end_m,min_damage,pellets,penetration_class,destruction_class,sights,barrels,grips,underbarrel,notes,season_verified,verified,source_url
para_308,PARA-308,assault_rifle,Brava,47,47,650,auto;semi,30,yes,181,2.6,3.3,0.52,25,35,28,1,simple,UNVERIFIED,iron;1x_nonmag;magnified_2.5x,muzzle_brake;compensator;flash_hider;suppressor;extended_barrel,vertical;angled;horizontal,laser,"Extended barrel: 52 dmg / min 42 (community-measured; ~+12% and ~80% floor). Community-measured: 649 rpm; ammo-refill reload 1.52 tac / 2.50 empty. Fandom max ammo 31+210 is pre-Y6S3 (stale). Recoil: low per-shot recoil, very manageable; main drawback is mediocre fire rate (Fandom).",Y11S3.1,yes,https://www.ubisoft.com/en-us/game/rainbow-six/siege/game-info/operators/brava;https://rainbowsix.fandom.com/wiki/PARA-308;https://github.com/hanslhansl/rainbow-six-siege-weapon-statistics/blob/1a1bb6c/weapons/para-308.json;https://www.ubisoft.com/en-gb/game/rainbow-six/siege/news-updates/2zsUnVBdSsc10rirkPl1K5/y6s3-preseason-designers-notes;https://www.ubisoft.com/en-gb/game/rainbow-six/siege/news-updates/3jBlCdtRBQx2sCjmY2umNu/y9s1-designers-notes
camrs,CAMRS,marksman_rifle,Brava,69,69,444,semi,20,yes,141,2.6,3.4,0.52,30,40,49,1,full,UNVERIFIED:high (Fandom: DMRs breach a barricade or hatch in <10 shots; Y5S1 raised DMR destruction),iron;1x_nonmag;magnified_2.5x;telescopic_3.5x,muzzle_brake;suppressor,vertical;angled;horizontal,laser,"PER-OPERATOR: grips (vertical/angled/horizontal) only on Brava's CAMRS; Buck's version has the Skeleton Key underbarrel and no grips. fire_rate is community-measured semi-auto cap (Fandom ~450). max_ammo community-measured 20+1+120; Fandom 21+140 (=161) is above the Y6S3 DMR range 100-140, so treated as stale. Ammo-refill reload (community) 1.36 tac / 2.58 empty. Recoil: high stock kick; Muzzle Brake advised (Fandom).",Y11S3.1,yes,https://www.ubisoft.com/en-us/game/rainbow-six/siege/game-info/operators/brava;https://rainbowsix.fandom.com/wiki/CAMRS;https://github.com/hanslhansl/rainbow-six-siege-weapon-statistics/blob/1a1bb6c/weapons/camrs.json;https://www.ubisoft.com/en-gb/game/rainbow-six/siege/news-updates/2zsUnVBdSsc10rirkPl1K5/y6s3-preseason-designers-notes;https://www.ubisoft.com/en-gb/game/rainbow-six/siege/news-updates/3jBlCdtRBQx2sCjmY2umNu/y9s1-designers-notes
ak_12,AK-12,assault_rifle,Fuze,40,40,850,auto;burst3;semi,30,yes,181,2.6,3.4,0.52,25,35,24,1,simple,UNVERIFIED,iron;1x_nonmag;magnified_2.5x,muzzle_brake;compensator;flash_hider;suppressor,vertical;angled;horizontal,laser,No extended barrel. Recoil: harsh vertical and horizontal; horizontal drift worsens from ~4th shot of a spray; recoil increased in Y6S3 (Fandom + Y6S3 DN). Ammo-refill reload (community) 1.49 tac / 2.47 empty. Fandom 31+210 ammo stale (pre-Y6S3).,Y11S3.1,yes,https://www.ubisoft.com/en-us/game/rainbow-six/siege/game-info/operators/fuze;https://rainbowsix.fandom.com/wiki/AK-12;https://github.com/hanslhansl/rainbow-six-siege-weapon-statistics/blob/1a1bb6c/weapons/ak-12.json;https://www.ubisoft.com/en-gb/game/rainbow-six/siege/news-updates/2zsUnVBdSsc10rirkPl1K5/y6s3-preseason-designers-notes;https://www.ubisoft.com/en-gb/game/rainbow-six/siege/news-updates/3jBlCdtRBQx2sCjmY2umNu/y9s1-designers-notes
6p41,6P41,lmg,Fuze,46,46,680,auto,100,no (open bolt; the Y6S3 extra round goes to reserve: 100 + 201),301,UNVERIFIED:8.5,8.5,0.56,30,40,30,1,simple,UNVERIFIED,iron;1x_nonmag;magnified_2.5x,muzzle_brake;compensator;flash_hider;suppressor,vertical;angled;horizontal,laser,Fandom gives a single 8.5 s reload (no tactical/empty split); community ammo-refill times 4.29 / 7.33 s. LMG class: -10% movement speed (Y9S1). Recoil: reduced first kick/vertical/lateral and more stable sustained fire since Y9S1; 'relatively controllable' (Fandom).,Y11S3.1,UNVERIFIED,https://www.ubisoft.com/en-us/game/rainbow-six/siege/game-info/operators/fuze;https://rainbowsix.fandom.com/wiki/6P41;https://github.com/hanslhansl/rainbow-six-siege-weapon-statistics/blob/1a1bb6c/weapons/6p41.json;https://www.ubisoft.com/en-gb/game/rainbow-six/siege/news-updates/3jBlCdtRBQx2sCjmY2umNu/y9s1-designers-notes;https://www.ubisoft.com/en-gb/game/rainbow-six/siege/news-updates/2zsUnVBdSsc10rirkPl1K5/y6s3-preseason-designers-notes
ballistic_shield,Ballistic Shield,shield,Fuze,0 (shield bash: knockback/guard-break only),n/a,n/a,n/a (primary slot; used together with the secondary: PMM or GSh-18),n/a,n/a,n/a,n/a,n/a,0.50 walking / 0.55 sprinting (pistol ADS while holding shield),n/a,n/a,n/a,n/a,n/a (blocks bullets from the front),n/a (can no longer dash through undamaged barricades since Y11S1),n/a,n/a,n/a,n/a,"See weapons_notes.md 'Ballistic Shield'. No hip fire; secondary fires only in ADS (shield lowered, head exposed). Suppressive fire: 5 hits trigger / 20 hits max intensity / ~7 s falloff; no sprint while suppressed. Melee: 0 dmg (from 65 in Y9S4), knockback. Carrier speed -10% (Fandom, UNVERIFIED current). ADS cancelled while vaulting (Y10S2); projectile throws expose operator (Y10S3); Sledge hammer knocks shield users down (Y10S2); Noor's Horus Lance attaches to shields (Y11S3).",Y11S3.1,UNVERIFIED,https://www.ubisoft.com/en-us/game/rainbow-six/siege/game-info/operators/fuze;https://rainbowsix.fandom.com/wiki/Ballistic_Shield;https://www.ubisoft.com/en-gb/game/rainbow-six/siege/news-updates/3jBlCdtRBQx2sCjmY2umNu/y9s1-designers-notes;https://www.ubisoft.com/en-us/game/rainbow-six/siege/news-updates/seasons/collisionpoint;https://www.ubisoft.com/en-au/game/rainbow-six/siege/news-updates/8dJbwMqIt5Y8lZgwJRjWZ/y10s2-designers-notes;https://www.ubisoft.com/en-us/game/rainbow-six/siege/news-updates/4czc3hlHtXrd27crELGDcc/y10s3-designers-notes;https://www.ubisoft.com/en-us/game/rainbow-six/siege/news-updates/seasons/silenthunt;https://www.ubisoft.com/en-us/game/rainbow-six/siege/news-updates/seasons/splitfire
556xi,556xi,assault_rifle,Thermite,47,47,690,auto;semi,30,yes,181,2.6,3.7,0.52,25,35,28,1,simple,UNVERIFIED,iron;1x_nonmag;magnified_2.5x,muzzle_brake;compensator;flash_hider;suppressor,vertical;angled;horizontal,laser,"No extended barrel. Recoil: average vertical and horizontal, overall low (Fandom). Community: 689 rpm, ammo-refill reload 1.30 tac / 2.74 empty. Fandom 31+210 ammo stale.",Y11S3.1,yes,https://www.ubisoft.com/en-us/game/rainbow-six/siege/game-info/operators/thermite;https://rainbowsix.fandom.com/wiki/556xi;https://github.com/hanslhansl/rainbow-six-siege-weapon-statistics/blob/1a1bb6c/weapons/556xi.json;https://www.ubisoft.com/en-gb/game/rainbow-six/siege/news-updates/2zsUnVBdSsc10rirkPl1K5/y6s3-preseason-designers-notes;https://www.ubisoft.com/en-gb/game/rainbow-six/siege/news-updates/3jBlCdtRBQx2sCjmY2umNu/y9s1-designers-notes
m1014,M1014,shotgun,Thermite;Pulse,30,n/a (no suppressor),218,semi (tube-fed),8,"no (tube-fed; Fandom writes 7+1, same total 8)",49,0.6 (per shell),5.79,0.34,5,13,13,8,none,UNVERIFIED:full-at-close-range (buckshot can break wooden studs/beams per Fandom Destruction),iron;1x_nonmag,none,none,laser,"Y11S3.1: damage 30 per pellet (was 28). Buckshot falloff (Y8S3): 100% 0-5 m, 75% 6-10 m (22), 45% at 13 m+ (13). Headshot pellet = 1.5x after range modifier. fire_rate/reloads are community-measured (Fandom ~200 rpm; no official reload value). Fandom 8+25 ammo stale; Y6S3 primary shotgun range 49-60. Recoil: high kick per shot; ADS view obstructed when fired quickly (Fandom).",Y11S3.1,yes,https://www.ubisoft.com/en-us/game/rainbow-six/siege/game-info/operators/thermite;https://www.ubisoft.com/en-us/game/rainbow-six/siege/game-info/operators/pulse;https://www.ubisoft.com/en-gb/game/rainbow-six/siege/news-updates/3WMly2DNZqv1GpUK9GNGm5/y11s31-patch-notes;https://www.ubisoft.com/en-gb/game/rainbow-six/siege/news-updates/2Btj0mP7e7gVKIODGSLuiX/y8s3-designers-notes;https://github.com/hanslhansl/rainbow-six-siege-weapon-statistics/blob/1a1bb6c/weapons/m1014.json;https://rainbowsix.fandom.com/wiki/M1014
m4,M4,assault_rifle,Striker,44,44,750,auto;burst3;semi,30,yes,181,2.6,3.4,0.52,25,35,26,1,simple,UNVERIFIED,iron;1x_nonmag;magnified_2.5x,muzzle_brake;compensator;flash_hider;suppressor;extended_barrel,vertical;angled;horizontal,laser,"Extended barrel: 49 dmg / min 39 (community). Recoil: noticeable first-shot kick, subpar vertical; Flash Hider recommended over Compensator (Fandom). Community ammo-refill reload 1.31 tac / 2.70 empty. Attachment availability for Siege X Striker assumed standard (UNVERIFIED).",Y11S3.1,yes,https://www.ubisoft.com/en-us/game/rainbow-six/siege/game-info/operators/striker;https://rainbowsix.fandom.com/wiki/M4;https://github.com/hanslhansl/rainbow-six-siege-weapon-statistics/blob/1a1bb6c/weapons/m4.json;https://www.ubisoft.com/en-gb/game/rainbow-six/siege/news-updates/2zsUnVBdSsc10rirkPl1K5/y6s3-preseason-designers-notes;https://www.ubisoft.com/en-gb/game/rainbow-six/siege/news-updates/3jBlCdtRBQx2sCjmY2umNu/y9s1-designers-notes
m249,M249,lmg,Striker,48,n/a (no suppressor),650,auto,100,no (open bolt; 100 + 201),301,UNVERIFIED:7.6,7.6,0.56,30,40,32,1,simple,UNVERIFIED,iron;1x_nonmag;magnified_2.5x,compensator;flash_hider,vertical;angled;horizontal,laser,"Fandom single reload 7.6 s; community ammo-refill 4.67 / 6.60 s. Y7S3 DN added a Muzzle Brake to Capitao's M249 but current Fandom attachment table lists only Compensator/Flash Hider (UNVERIFIED). LMG -10% movement (Y9S1). Recoil: low vertical, controllable, accurate (Fandom); reduced in Y9S1. Not the M249 SAW (Gridlock).",Y11S3.1,UNVERIFIED,https://www.ubisoft.com/en-us/game/rainbow-six/siege/game-info/operators/striker;https://rainbowsix.fandom.com/wiki/M249;https://github.com/hanslhansl/rainbow-six-siege-weapon-statistics/blob/1a1bb6c/weapons/m249.json;https://www.ubisoft.com/en-gb/game/rainbow-six/siege/news-updates/3jBlCdtRBQx2sCjmY2umNu/y9s1-designers-notes;https://www.ubisoft.com/en-us/game/rainbow-six/siege/news-updates/2vKaDckg5VPV1ViA4p8KM/y7s3-preseason-designers-notes
sr_25,SR-25,marksman_rifle,Striker,61,61,445,semi,20,yes,141,2.9,3.5,0.52,30,40,43,1,full,UNVERIFIED:high (DMR; see CAMRS note),iron;1x_nonmag;magnified_2.5x;telescopic_3.5x,muzzle_brake;suppressor,vertical;angled;horizontal,laser,Added to Striker in Y10S3. max_ammo community-measured 20+1+120; Fandom 21+80 (=101) disagrees - chose community (newer). fire_rate community-measured (Fandom ~450). Recoil: vertical and horizontal noticeably worse than other DMRs (Fandom).,Y11S3.1,UNVERIFIED,https://www.ubisoft.com/en-us/game/rainbow-six/siege/game-info/operators/striker;https://www.ubisoft.com/en-us/game/rainbow-six/siege/news-updates/4czc3hlHtXrd27crELGDcc/y10s3-designers-notes;https://rainbowsix.fandom.com/wiki/SR-25;https://github.com/hanslhansl/rainbow-six-siege-weapon-statistics/blob/1a1bb6c/weapons/sr-25.json;https://www.ubisoft.com/en-gb/game/rainbow-six/siege/news-updates/3jBlCdtRBQx2sCjmY2umNu/y9s1-designers-notes
bosg_12_2,BOSG.12.2,slug_shotgun,Dokkaebi,125,n/a (no suppressor),605,"break-action double barrel (2 shots, semi)",2,no,61,2.4,3.0,0.52,15,25,75,1,full,UNVERIFIED:high (Fandom pros 'High destruction'; destruction range reduced Y9S4.2),iron;1x_nonmag;magnified_2.5x,none,vertical;angled;horizontal,laser,"Slug falloff since Y9S4.2: 15->25 m, floor 60%. fire_rate = community-measured interval between barrels (Fandom ~500). Community ammo-refill reload 0.45 / 1.79. Recoil: very high kick per shot; needs a downward 'whip' for the 2nd shot (Fandom).",Y11S3.1,yes,https://www.ubisoft.com/en-us/game/rainbow-six/siege/game-info/operators/dokkaebi;https://www.ubisoft.com/en-gb/game/rainbow-six/siege/news-updates/7bfYr7UJrJwiEp7zpQa0dd/y9s42-designers-notes;https://rainbowsix.fandom.com/wiki/BOSG.12.2;https://github.com/hanslhansl/rainbow-six-siege-weapon-statistics/blob/1a1bb6c/weapons/bosg.12.2.json
mk_14_ebr,Mk 14 EBR,marksman_rifle,Dokkaebi,56,56,444,semi,20,yes,121,3.1,3.4,0.52,30,40,39,1,full,UNVERIFIED:high (Fandom: 7 shots open an unreinforced hatch),iron;1x_nonmag;magnified_2.5x;telescopic_3.5x (telescopic Dokkaebi-only),muzzle_brake (Dokkaebi-only);suppressor,vertical;angled;horizontal,laser,"Y11S3: damage 56 (was 60); first-shot recoil increased (M&K first-shot multiplier 3.5, was 1.8). PER-OPERATOR: Y11S3 removed the Muzzle Brake from ARUNI's Mk 14; Dokkaebi's keeps MB + telescopic per Fandom (verify in-game). max_ammo community 20+1+100; Fandom 21+80 disagrees. Recoil: higher per-shot recoil than other DMRs (Fandom).",Y11S3.1,UNVERIFIED,https://www.ubisoft.com/en-us/game/rainbow-six/siege/game-info/operators/dokkaebi;https://www.ubisoft.com/en-us/game/rainbow-six/siege/news-updates/PONCuRt8LaCr3O31NkBQb/y11s3-designers-notes;https://www.ubisoft.com/en-us/game/rainbow-six/siege/news-updates/seasons/splitfire;https://rainbowsix.fandom.com/wiki/Mk_14_EBR;https://github.com/hanslhansl/rainbow-six-siege-weapon-statistics/blob/1a1bb6c/weapons/mk%2014%20ebr.json
xk23,XK23,assault_rifle,Dokkaebi,49,49,675,auto,35,yes,175,UNVERIFIED:3.35,UNVERIFIED:3.5,0.52,25,35,29,1,UNVERIFIED:simple (AR class; not on Fandom list),medium (official: does not destroy studs),iron;1x_nonmag;magnified_2.5x,muzzle_brake;compensator;flash_hider;suppressor;extended_barrel,vertical;angled;horizontal,laser,"New in Y11S2 (bullpup). Official: 49 dmg, 675 rpm, 35 rds, 5 magazines, 175 total, 'Reload Speed 3.5 sec' (tactical/empty not specified; Fandom 3.35). Extended barrel -> 54 dmg (official), EB min 43 (community). Recoil: 'approachable and consistent' by design (official). Community ammo-refill reload 0.91 / 2.74.",Y11S3.1,yes,https://www.ubisoft.com/en-us/game/rainbow-six/siege/game-info/operators/dokkaebi;https://www.ubisoft.com/en-gb/game/rainbow-six/siege/news-updates/2MNhboDBmsQKkWb5p8zqsg/y11s2-designers-notes;https://rainbowsix.fandom.com/wiki/XK23;https://github.com/hanslhansl/rainbow-six-siege-weapon-statistics/blob/1a1bb6c/weapons/xk23.json
l85a2,L85A2,assault_rifle,Sledge,47,47,670,auto;semi,30,yes,181,2.7,3.3,0.52,25,35,28,1,simple,UNVERIFIED,iron;1x_nonmag;magnified_2.5x,muzzle_brake;compensator;flash_hider;suppressor,vertical;angled;horizontal,laser,"Recoil: low vertical, high horizontal -> Compensator recommended (Fandom). Fandom infobox 670 rpm but its TTK calc uses 690; community-measured 669. Community ammo-refill reload 1.43 / 2.65. Fandom 31+210 ammo stale.",Y11S3.1,yes,https://www.ubisoft.com/en-us/game/rainbow-six/siege/game-info/operators/sledge;https://rainbowsix.fandom.com/wiki/L85A2;https://github.com/hanslhansl/rainbow-six-siege-weapon-statistics/blob/1a1bb6c/weapons/l85a2.json;https://www.ubisoft.com/en-gb/game/rainbow-six/siege/news-updates/2zsUnVBdSsc10rirkPl1K5/y6s3-preseason-designers-notes;https://www.ubisoft.com/en-gb/game/rainbow-six/siege/news-updates/3jBlCdtRBQx2sCjmY2umNu/y9s1-designers-notes
m590a1,M590A1,shotgun,Sledge;Mute,48,n/a (no suppressor),87,pump,7,no (tube-fed; Fandom writes 6+1),50,0.6 (per shell),5.5,0.34,5,13,21,8,none,UNVERIFIED:full-at-close-range (buckshot),iron;1x_nonmag,none,none,laser,"Buckshot falloff (Y8S3): 48 at 0-5 m, 36 at 6-10 m, 21 at 13 m+. Y8S3 ranges were 'based on the M590A1'. fire_rate/reloads community-measured (Fandom ~85 rpm). Fandom 7+29 ammo stale.",Y11S3.1,yes,https://www.ubisoft.com/en-us/game/rainbow-six/siege/game-info/operators/sledge;https://www.ubisoft.com/en-us/game/rainbow-six/siege/game-info/operators/mute;https://www.ubisoft.com/en-gb/game/rainbow-six/siege/news-updates/2Btj0mP7e7gVKIODGSLuiX/y8s3-designers-notes;https://rainbowsix.fandom.com/wiki/M590A1;https://github.com/hanslhansl/rainbow-six-siege-weapon-statistics/blob/1a1bb6c/weapons/m590a1.json
commando_9,Commando 9,assault_rifle,Sentry,36,36,780,auto;burst3;semi,25,yes,176,2.0,2.5,0.52,25,35,21,1,simple,UNVERIFIED,iron;1x_nonmag,muzzle_brake;compensator;flash_hider;suppressor;extended_barrel,vertical;angled;horizontal,laser,Y9S1 made it a pure AR (was AR/SMG mix). No magnified: defender automatic weapons lost magnified sights in Y10S3. Extended barrel: 40 / min 32 (community). Recoil: low (Fandom). Sentry uses a standard reload animation (Fandom).,Y11S3.1,yes,https://www.ubisoft.com/en-us/game/rainbow-six/siege/game-info/operators/sentry;https://rainbowsix.fandom.com/wiki/Commando_9;https://github.com/hanslhansl/rainbow-six-siege-weapon-statistics/blob/1a1bb6c/weapons/commando%209.json;https://www.ubisoft.com/en-gb/game/rainbow-six/siege/news-updates/3jBlCdtRBQx2sCjmY2umNu/y9s1-designers-notes;https://www.ubisoft.com/en-us/game/rainbow-six/siege/news-updates/4czc3hlHtXrd27crELGDcc/y10s3-designers-notes
m870,M870,shotgun,Sentry,UNVERIFIED:42,n/a (no suppressor),102,pump,7,no (tube-fed; Fandom 6+1),50,0.6 (per shell),5.23,0.34,5,13,18,8,none,UNVERIFIED:full-at-close-range (buckshot),iron;1x_nonmag,none,none,laser,"CONFLICT: community sheet (in-game stat for <=4 m, measured 31 at 6-9 m = 75% of 42) says 42/pellet; Fandom infobox 60 (0-3 m)/20 (12 m+) predates the Y8S3 shotgun rework. Chose 42. Fastest pump of the pump shotguns (Fandom). fire_rate/reloads community-measured.",Y11S3.1,UNVERIFIED,https://www.ubisoft.com/en-us/game/rainbow-six/siege/game-info/operators/sentry;https://github.com/hanslhansl/rainbow-six-siege-weapon-statistics/blob/1a1bb6c/weapons/m870.json;https://rainbowsix.fandom.com/wiki/M870;https://www.ubisoft.com/en-gb/game/rainbow-six/siege/news-updates/2Btj0mP7e7gVKIODGSLuiX/y8s3-designers-notes
tcsg12,TCSG12,slug_shotgun,Sentry,75,75,496,semi,10,yes,UNVERIFIED:121,2.5,3.2,0.52,15,25,45,1,full,UNVERIFIED:high (Fandom 'High destruction/penetration'; range reduced Y9S4.2),iron;1x_nonmag;magnified_2.5x,suppressor,vertical;angled;horizontal,laser,"Added to Sentry in Y10S3. Damage 75 since Y9S4.2 (was 63). Defender slugs/DMRs KEEP magnified sights (Y10S3). CONFLICT max ammo: community 10+1+110 = 121 vs Fandom 11+50 = 61. fire_rate community-measured (Fandom ~450). Recoil: high vertical kick, minimal random spread (Fandom).",Y11S3.1,UNVERIFIED,https://www.ubisoft.com/en-us/game/rainbow-six/siege/game-info/operators/sentry;https://www.ubisoft.com/en-us/game/rainbow-six/siege/news-updates/4czc3hlHtXrd27crELGDcc/y10s3-designers-notes;https://www.ubisoft.com/en-gb/game/rainbow-six/siege/news-updates/7bfYr7UJrJwiEp7zpQa0dd/y9s42-designers-notes;https://rainbowsix.fandom.com/wiki/TCSG12;https://github.com/hanslhansl/rainbow-six-siege-weapon-statistics/blob/1a1bb6c/weapons/tcsg12.json
pcx_33,PCX-33,assault_rifle,Skopós,36,36,745,auto,31,yes,UNVERIFIED:155 (per shell),UNVERIFIED:3.3,UNVERIFIED:3.3,0.52,25,35,21,1,UNVERIFIED:simple (AR class; not on Fandom list),UNVERIFIED,iron;1x_nonmag,muzzle_brake;compensator;flash_hider;suppressor;extended_barrel,vertical;angled;horizontal,laser,Each V10 Pantheon shell (Talos/Colossus) has its OWN ammo reserve (Fandom Skopos page); 155 = community 31+1+123 - unclear if per shell. Fandom gives one reload value 3.3 s; community ammo-refill 1.03 / 2.56. Extended barrel 40 / min 32. Community 744 rpm. Recoil: low (Fandom).,Y11S3.1,UNVERIFIED,https://www.ubisoft.com/en-us/game/rainbow-six/siege/game-info/operators/skopos;https://rainbowsix.fandom.com/wiki/PCX-33;https://rainbowsix.fandom.com/wiki/Skop%C3%B3s;https://github.com/hanslhansl/rainbow-six-siege-weapon-statistics/blob/1a1bb6c/weapons/PCX-33.json
vector_45_acp,Vector .45 ACP,smg,Mira,23,23,1200,auto;burst2;semi,25,yes,176,2.0,2.8,0.46,18,28,13,1,simple,UNVERIFIED,iron;1x_nonmag,muzzle_brake;compensator;flash_hider;suppressor;extended_barrel,vertical;angled;horizontal,laser,"Extended barrel 25 / min 20 (community). Recoil: low vertical, unpredictable horizontal; harder at range; Vertical Grip helps (Fandom). Community ammo-refill 0.99 / 2.31.",Y11S3.1,yes,https://www.ubisoft.com/en-us/game/rainbow-six/siege/game-info/operators/mira;https://rainbowsix.fandom.com/wiki/Vector_.45_ACP;https://github.com/hanslhansl/rainbow-six-siege-weapon-statistics/blob/1a1bb6c/weapons/vector%20.45%20acp.json;https://www.ubisoft.com/en-gb/game/rainbow-six/siege/news-updates/2zsUnVBdSsc10rirkPl1K5/y6s3-preseason-designers-notes;https://www.ubisoft.com/en-gb/game/rainbow-six/siege/news-updates/3jBlCdtRBQx2sCjmY2umNu/y9s1-designers-notes
ita12l,ITA12L,shotgun,Mira,UNVERIFIED:40,n/a (no suppressor),88,pump,8,no (tube-fed; Fandom 7+1),57,0.8 (per shell),7.97,0.34,5,13,18,8,none,UNVERIFIED:full-at-close-range (buckshot),iron;1x_nonmag,none,none,laser,CONFLICT: community measured 40 at 5 m (41 in 2024) and 30 at 6-10 m (=75% of 40); no in-game <=4 m value recorded. Fandom 50 (0-2 m)/30 (12 m+) predates Y8S3. Placeholder 40. Largest pump-shotgun tube (Fandom). fire_rate/reloads community-measured.,Y11S3.1,UNVERIFIED,https://www.ubisoft.com/en-us/game/rainbow-six/siege/game-info/operators/mira;https://github.com/hanslhansl/rainbow-six-siege-weapon-statistics/blob/1a1bb6c/weapons/ita12l.json;https://rainbowsix.fandom.com/wiki/ITA12L;https://www.ubisoft.com/en-gb/game/rainbow-six/siege/news-updates/2Btj0mP7e7gVKIODGSLuiX/y8s3-designers-notes
six12_sd,SIX12 SD,shotgun,Lesion,UNVERIFIED:46,46 (integral suppressor; same as SIX12),218,"semi (double-action revolver, 6-round cylinder)",6,no,55,2.6,2.6,0.34,5,13,20,8,none,UNVERIFIED:full-at-close-range (buckshot),iron;1x_nonmag,integral suppressor (no barrel slot),none,laser,CONFLICT: community sheet 46 (in-game stat) / 34 at 6-10 m; Fandom 35 (0-6 m) predates Y8S3. Reload is a whole-cylinder swap (Fandom 2.608 tac / 2.611 empty; community ammo-refill 1.25 / 2.02). fire_rate community-measured (Fandom ~200). Recoil: high kick per shot (Fandom).,Y11S3.1,UNVERIFIED,https://www.ubisoft.com/en-us/game/rainbow-six/siege/game-info/operators/lesion;https://github.com/hanslhansl/rainbow-six-siege-weapon-statistics/blob/1a1bb6c/weapons/six12%20sd.json;https://rainbowsix.fandom.com/wiki/SIX12;https://www.ubisoft.com/en-gb/game/rainbow-six/siege/news-updates/2Btj0mP7e7gVKIODGSLuiX/y8s3-designers-notes
t_5_smg,T-5 SMG,smg,Lesion,28,28,900,auto;burst3;semi,30,"yes (in-game description says open bolt, but it holds 30+1)",181,2.4,3.0,0.46,18,28,16,1,simple,UNVERIFIED,iron;1x_nonmag,muzzle_brake;compensator;flash_hider;suppressor;extended_barrel,vertical;angled;horizontal,laser,Extended barrel 31 / min 25 (community). Fandom max ammo 31+210 stale (Y6S3 SMG range 170-200). Recoil: low (Fandom). Community ammo-refill 0.99 / 2.33.,Y11S3.1,yes,https://www.ubisoft.com/en-us/game/rainbow-six/siege/game-info/operators/lesion;https://rainbowsix.fandom.com/wiki/T-5_SMG;https://github.com/hanslhansl/rainbow-six-siege-weapon-statistics/blob/1a1bb6c/weapons/t-5%20smg.json;https://www.ubisoft.com/en-gb/game/rainbow-six/siege/news-updates/2zsUnVBdSsc10rirkPl1K5/y6s3-preseason-designers-notes
ump45,UMP45,smg,Pulse,42,42,600,auto;burst3;semi,25,yes,176,2.4,2.9,0.46,18,28,25,1,simple,UNVERIFIED,iron;1x_nonmag,muzzle_brake;compensator;flash_hider;suppressor;extended_barrel,vertical;angled;horizontal,laser,"Y10S4.2: damage 42 (was 38) and improved lateral recoil. Extended barrel 47 / min 37 (community). Low, gentle recoil (Fandom). Community ammo-refill 1.26 / 2.38.",Y11S3.1,yes,https://www.ubisoft.com/en-us/game/rainbow-six/siege/game-info/operators/pulse;https://rainbowsix.fandom.com/wiki/Rainbow_Six_Siege_patches/Patch_10.4.2;https://rainbowsix.fandom.com/wiki/UMP45;https://github.com/hanslhansl/rainbow-six-siege-weapon-statistics/blob/1a1bb6c/weapons/ump45.json
mp5k,MP5K,smg,Mute,30,30,800,auto;burst3;semi,30,yes,181,2.0,2.8,0.46,18,28,18,1,simple,UNVERIFIED,iron;1x_nonmag,muzzle_brake;compensator;flash_hider;suppressor;extended_barrel,none (no grip slot),laser,"No grip slot, so no grip bonus (Y9S1 DN names the MP5K as the example). Extended barrel 33 / min 26 (community). Low recoil (Fandom). Community ammo-refill 1.02 / 2.30.",Y11S3.1,yes,https://www.ubisoft.com/en-us/game/rainbow-six/siege/game-info/operators/mute;https://rainbowsix.fandom.com/wiki/MP5K;https://github.com/hanslhansl/rainbow-six-siege-weapon-statistics/blob/1a1bb6c/weapons/mp5k.json;https://www.ubisoft.com/en-gb/game/rainbow-six/siege/news-updates/3jBlCdtRBQx2sCjmY2umNu/y9s1-designers-notes
usp40,USP40,handgun,Brava;Mira,48,48,494,semi,12,yes,97,1.8,2.1,0.24,12,14,28,1,simple,UNVERIFIED,iron,suppressor;muzzle_brake,none,laser,"Handgun falloff community-measured (full to ~11 m, floor ~60% at 14 m+); Fandom template 12->15 m; Fandom infobox '25 at 22 m+' is pre-2024. Suppressed column assumes Y7S3 removal of suppressor damage penalty (Fandom still lists 41 suppressed - stale?). fire_rate community-measured semi cap (Fandom ~550). Max ammo community 12+1+84; Fandom 13+48 stale.",Y11S3.1,yes,https://www.ubisoft.com/en-us/game/rainbow-six/siege/game-info/operators/brava;https://www.ubisoft.com/en-us/game/rainbow-six/siege/game-info/operators/mira;https://rainbowsix.fandom.com/wiki/USP40;https://github.com/hanslhansl/rainbow-six-siege-weapon-statistics/blob/1a1bb6c/weapons/usp40.json;https://www.ubisoft.com/en-us/game/rainbow-six/siege/news-updates/2vKaDckg5VPV1ViA4p8KM/y7s3-preseason-designers-notes;https://www.ubisoft.com/en-gb/game/rainbow-six/siege/news-updates/3jBlCdtRBQx2sCjmY2umNu/y9s1-designers-notes
super_shorty,Super Shorty,shotgun,Brava;Sentry,35,n/a (no suppressor),102,pump,3,no (tube-fed; Fandom 2+1),46,0.7 (per shell),3.0,0.34,5,13,15,8,none,UNVERIFIED:full-at-close-range (buckshot; utility: hatches/rotation holes),iron;1x_nonmag,none,none,laser,"Secondary shotgun used mainly for utility destruction; tight hip-fire spread can fail to open a hatch in one shot (Fandom Destruction). Fandom max 3+42 (45) vs community 3+43 (46) - Y6S3 gave every weapon +1 round, so 46 chosen. fire_rate/reloads community-measured (Fandom ~85).",Y11S3.1,yes,https://www.ubisoft.com/en-us/game/rainbow-six/siege/game-info/operators/brava;https://www.ubisoft.com/en-us/game/rainbow-six/siege/game-info/operators/sentry;https://rainbowsix.fandom.com/wiki/Super_Shorty;https://github.com/hanslhansl/rainbow-six-siege-weapon-statistics/blob/1a1bb6c/weapons/super%20shorty.json;https://www.ubisoft.com/en-gb/game/rainbow-six/siege/news-updates/2Btj0mP7e7gVKIODGSLuiX/y8s3-designers-notes
pmm,PMM,handgun,Fuze,UNVERIFIED:61,UNVERIFIED:61,496,semi,8,yes,81,1.4,1.9,0.24,12,14,36,1,simple,UNVERIFIED,iron,suppressor;muzzle_brake,none,laser,"CONFLICT: community 61 (measured since 2024) vs Fandom 63. With Ballistic Shield, pistol ADS = 0.50 s walking / 0.55 s sprinting. Low recoil, very fast reload (Fandom). Max ammo community 8+1+72; Fandom 9+40 stale.",Y11S3.1,UNVERIFIED,https://www.ubisoft.com/en-us/game/rainbow-six/siege/game-info/operators/fuze;https://github.com/hanslhansl/rainbow-six-siege-weapon-statistics/blob/1a1bb6c/weapons/pmm.json;https://rainbowsix.fandom.com/wiki/PMM;https://www.ubisoft.com/en-gb/game/rainbow-six/siege/news-updates/3jBlCdtRBQx2sCjmY2umNu/y9s1-designers-notes
gsh_18,GSh-18,handgun,Fuze,44,44,495,semi,18,yes,109,2.1,2.3,0.24,12,14,26,1,simple,UNVERIFIED,iron,suppressor;muzzle_brake,none,laser,"Laser added in Y7S3 (Fandom attachment table omits it - stale). With Ballistic Shield, pistol ADS 0.50/0.55 s. Low recoil per shot, steep falloff (Fandom). Max ammo community 18+1+90; Fandom 19+54 stale.",Y11S3.1,yes,https://www.ubisoft.com/en-us/game/rainbow-six/siege/game-info/operators/fuze;https://rainbowsix.fandom.com/wiki/GSh-18;https://github.com/hanslhansl/rainbow-six-siege-weapon-statistics/blob/1a1bb6c/weapons/gsh-18.json;https://www.ubisoft.com/en-us/game/rainbow-six/siege/news-updates/2vKaDckg5VPV1ViA4p8KM/y7s3-preseason-designers-notes
5_7_usg,5.7 USG,handgun,Thermite;Striker;Pulse,42,42,494,semi,20,yes,UNVERIFIED:121,1.9,2.4,0.24,12,14,25,1,simple,UNVERIFIED,iron,"suppressor;muzzle_brake (FBI SWAT/Nokk/Fenrir only -> Thermite & Pulse yes, Striker UNVERIFIED)",none,laser,"PER-OPERATOR attachment difference: Fandom lists Muzzle Brake as FBI SWAT/Nokk/Fenrir-only, so Striker's copy may lack it. Max ammo: community 20+1+100 = 121 (above Y6S3 pistol range 70-115) vs Fandom 21+60 (stale?). Highest handgun capacity (Fandom).",Y11S3.1,UNVERIFIED,https://www.ubisoft.com/en-us/game/rainbow-six/siege/game-info/operators/thermite;https://www.ubisoft.com/en-us/game/rainbow-six/siege/game-info/operators/striker;https://www.ubisoft.com/en-us/game/rainbow-six/siege/game-info/operators/pulse;https://rainbowsix.fandom.com/wiki/5.7_USG;https://github.com/hanslhansl/rainbow-six-siege-weapon-statistics/blob/1a1bb6c/weapons/5.7%20usg.json
m45_meusoc,M45 MEUSOC,handgun,Thermite;Pulse,58,58,494,semi,7,yes,78,1.6,1.9,0.24,12,14,34,1,simple,UNVERIFIED,iron,suppressor;muzzle_brake,none,laser,"Moderate recoil, low capacity, fast reload (Fandom). Max ammo community 7+1+70; Fandom 8+49 stale.",Y11S3.1,yes,https://www.ubisoft.com/en-us/game/rainbow-six/siege/game-info/operators/thermite;https://www.ubisoft.com/en-us/game/rainbow-six/siege/game-info/operators/pulse;https://rainbowsix.fandom.com/wiki/M45_MEUSOC;https://github.com/hanslhansl/rainbow-six-siege-weapon-statistics/blob/1a1bb6c/weapons/m45%20meusoc.json
ita12s,ITA12S,shotgun,Thermite;Striker;Mira,UNVERIFIED:29,n/a (no suppressor),83,pump,5,no (tube-fed; Fandom 4+1),UNVERIFIED:36,0.8 (per shell),5.61,0.34,5,13,13,8,none,UNVERIFIED:full-at-close-range (buckshot; utility shotgun),iron;1x_nonmag,none,none,laser,"Added to Thermite in Y10S4. CONFLICT damage: community 29 (in-game stat) / 21 at 6-10 m vs Fandom 70 (0-1 m) pre-Y8S3. CONFLICT ammo: community 5+31 = 36 vs Fandom 5+21 = 26. Wide pellet spread, steep falloff (Fandom). fire_rate/reloads community-measured.",Y11S3.1,UNVERIFIED,https://www.ubisoft.com/en-us/game/rainbow-six/siege/game-info/operators/thermite;https://www.ubisoft.com/en-us/game/rainbow-six/siege/game-info/operators/striker;https://www.ubisoft.com/en-us/game/rainbow-six/siege/game-info/operators/mira;https://www.ubisoft.com/en-us/game/rainbow-six/siege/news-updates/1XzWbYPWo59u7NgZVDjaIm/y10s4-designers-notes;https://github.com/hanslhansl/rainbow-six-siege-weapon-statistics/blob/1a1bb6c/weapons/ita12s.json;https://rainbowsix.fandom.com/wiki/ITA12S
c75_auto,C75 Auto,machine_pistol,Dokkaebi;Sentry,35,35,1000,auto;semi,26,yes,131,1.9,2.7,0.38,18,28,21,1,none,UNVERIFIED,iron (iron sights only),suppressor,none,laser,"Machine-pistol falloff community-measured (18->28 m, ~60% floor); Fandom template 20->28. Somewhat harsh recoil but lower ROF than other MPs (Fandom). Max ammo community 26+1+104; Fandom 27+78 stale (Y6S3 secondary SMG range 112-140).",Y11S3.1,yes,https://www.ubisoft.com/en-us/game/rainbow-six/siege/game-info/operators/dokkaebi;https://www.ubisoft.com/en-us/game/rainbow-six/siege/game-info/operators/sentry;https://rainbowsix.fandom.com/wiki/C75_Auto;https://github.com/hanslhansl/rainbow-six-siege-weapon-statistics/blob/1a1bb6c/weapons/c75%20auto.json;https://www.ubisoft.com/en-gb/game/rainbow-six/siege/news-updates/2zsUnVBdSsc10rirkPl1K5/y6s3-preseason-designers-notes
gonne_6,GONNE-6,hand_cannon,Dokkaebi,"UNVERIFIED:10 (explosion, light armor)",n/a,n/a,single explosive shot,1,no,1,n/a,n/a,0.24,n/a,n/a,n/a,1,n/a (explosive projectile),UNVERIFIED:explosive (one shot opens an unreinforced hatch; makes a small hole in soft walls),iron,none,none,none,"Takes the secondary-weapon slot. Straight-line, no-gravity projectile that detonates on impact; destroys gadgets incl. bulletproof ones (radius ~0.5 m bulletproof / ~0.75 m others). Explosion 10/5/3 dmg by (pre-Y6S3) armor class + 10 on direct hit. Destroys barricades and Castle panels; disables Aruni gates 30 s. Intercepted by Jager ADS and Wamai Mag-NET. Does not knock back ballistic shields; unaffected by electrified surfaces. All from Fandom (older page).",Y11S3.1,UNVERIFIED,https://www.ubisoft.com/en-us/game/rainbow-six/siege/game-info/operators/dokkaebi;https://rainbowsix.fandom.com/wiki/GONNE-6;https://github.com/hanslhansl/rainbow-six-siege-weapon-statistics/blob/1a1bb6c/weapons/_gonne-6.json
smg_12,SMG-12,machine_pistol,Dokkaebi,16,16 (integral suppressor),1270,auto,22,yes,111,2.0,3.0,0.38,18,28,9,1,none,UNVERIFIED:low (Fandom infobox 'penetration=Low'),iron;1x_nonmag,integral suppressor (no barrel slot),vertical;angled;horizontal,laser,"Y11S3 (official): damage 16 (was 28), mag 22 (was 32), max ammo 111 (was 129). Community sheet (Y11S3 test-server update) implies 22+1+78 = 101 total - conflicts with official 111; official chosen. Angled grip reload 1.5 tac / 2.4 empty (Fandom). Recoil: high vertical+horizontal; drifts left on shots 4-13 then right/left (Fandom). Community 1273 rpm.",Y11S3.1,yes,https://www.ubisoft.com/en-us/game/rainbow-six/siege/game-info/operators/dokkaebi;https://www.ubisoft.com/en-us/game/rainbow-six/siege/news-updates/PONCuRt8LaCr3O31NkBQb/y11s3-designers-notes;https://www.ubisoft.com/en-us/game/rainbow-six/siege/news-updates/seasons/splitfire;https://rainbowsix.fandom.com/wiki/SMG-12;https://github.com/hanslhansl/rainbow-six-siege-weapon-statistics/blob/1a1bb6c/weapons/smg-12.json
p226_mk_25,P226 Mk 25,handgun,Sledge;Mute,50,50,494,semi,15,yes,97,1.8,2.1,0.24,12,14,30,1,simple,UNVERIFIED,iron,suppressor;muzzle_brake,none,laser,Low recoil jack-of-all-trades (Fandom). Max ammo community 15+1+81; Fandom 16+45 stale.,Y11S3.1,yes,https://www.ubisoft.com/en-us/game/rainbow-six/siege/game-info/operators/sledge;https://www.ubisoft.com/en-us/game/rainbow-six/siege/game-info/operators/mute;https://rainbowsix.fandom.com/wiki/P226_Mk_25;https://github.com/hanslhansl/rainbow-six-siege-weapon-statistics/blob/1a1bb6c/weapons/p226%20mk%2025.json
reaper_mk2,Reaper MK2,machine_pistol,Sledge;Pulse,31,31,765,auto,33,yes,UNVERIFIED:130,UNVERIFIED,2.85,0.38,18,28,18,1,UNVERIFIED:none (MP class; not on Fandom list),UNVERIFIED,UNVERIFIED (official: 'comes with a sight'; Fandom lists no optic),muzzle_brake;compensator;flash_hider;suppressor,none,laser,Glock-style MP added Y10S1 (Rauora); given to Sledge and Pulse in Y10S3. Recoil: Y10S3 reduced first kick + softened early lateral (PC); Y11S2.3 recoil stages now kick in at bullets 0/3/10/25 (was 0/3/7/13). Fandom tactical reload '0.34 s' is a typo; community ammo-refill 1.12 tac / 2.69 empty. Max ammo: community 33+1+96 = 130; Fandom '34+133' ambiguous.,Y11S3.1,UNVERIFIED,https://www.ubisoft.com/en-us/game/rainbow-six/siege/game-info/operators/sledge;https://www.ubisoft.com/en-us/game/rainbow-six/siege/game-info/operators/pulse;https://www.ubisoft.com/en-us/game/rainbow-six/siege/news-updates/4czc3hlHtXrd27crELGDcc/y10s3-designers-notes;https://www.ubisoft.com/en-us/game/rainbow-six/siege/news-updates/seasons/highstakes;https://rainbowsix.fandom.com/wiki/Rainbow_Six_Siege_patches/Patch_11.2.3;https://rainbowsix.fandom.com/wiki/Glock;https://github.com/hanslhansl/rainbow-six-siege-weapon-statistics/blob/1a1bb6c/weapons/reaper%20mk2.json
p229,P229,handgun,Skopós,51,51,494,semi,12,yes,97 (UNVERIFIED whether per shell),1.8,2.1,0.24,12,14,30,1,simple,UNVERIFIED,iron,suppressor;muzzle_brake,none,laser,Skopos: each shell keeps its own ammo reserve (Fandom). Max ammo community 12+1+84; Fandom 13+48 stale.,Y11S3.1,yes,https://www.ubisoft.com/en-us/game/rainbow-six/siege/game-info/operators/skopos;https://rainbowsix.fandom.com/wiki/P229;https://github.com/hanslhansl/rainbow-six-siege-weapon-statistics/blob/1a1bb6c/weapons/p229.json
q_929,Q-929,handgun,Lesion,60,60,494,semi,10,yes,101,1.8,2.1,0.24,12,14,36,1,simple,UNVERIFIED,iron,suppressor;muzzle_brake,none,laser,"Lesion's only secondary since Y10S3 (Super Shorty removed). High damage, somewhat harsh recoil; Muzzle Brake advised (Fandom). Max ammo community 10+1+90; Fandom 11+50 stale.",Y11S3.1,yes,https://www.ubisoft.com/en-us/game/rainbow-six/siege/game-info/operators/lesion;https://www.ubisoft.com/en-us/game/rainbow-six/siege/news-updates/4czc3hlHtXrd27crELGDcc/y10s3-designers-notes;https://rainbowsix.fandom.com/wiki/Q-929;https://github.com/hanslhansl/rainbow-six-siege-weapon-statistics/blob/1a1bb6c/weapons/q-929.json
smg_11,SMG-11,machine_pistol,Mute,32,32,1270,auto,16,yes,113,2.0,2.9,0.38,18,28,19,1,none,UNVERIFIED,iron;1x_nonmag,muzzle_brake;compensator;flash_hider;suppressor;extended_barrel,vertical;angled;horizontal,laser,"Extended barrel 35 / min 28 (community). Recoil: unstable, high vertical; Flash Hider recommended (Fandom). No longer on Sledge (removed Y6S3). Max ammo community 16+1+96; Fandom 17+80 stale. Community 1271 rpm.",Y11S3.1,yes,https://www.ubisoft.com/en-us/game/rainbow-six/siege/game-info/operators/mute;https://rainbowsix.fandom.com/wiki/SMG-11;https://github.com/hanslhansl/rainbow-six-siege-weapon-statistics/blob/1a1bb6c/weapons/smg-11.json;https://www.ubisoft.com/en-gb/game/rainbow-six/siege/news-updates/2zsUnVBdSsc10rirkPl1K5/y6s3-preseason-designers-notes
